resource_id,resource_title,resource_type,description,rating
Resource001,Python Cơ bản cho người mới,Tutorial,"Tài liệu 'Python Cơ bản cho người mới' thuộc ngành Công nghệ thông tin, hỗ trợ chủ đề Python, phù hợp mức Beginner. Nội dung hướng đến mục tiêu PracticeSkill, rèn kỹ năng Python, có ví dụ, tình huống thực hành và minh chứng để phục vụ hệ thống Ontology RAG đa ngành.",4.4
Resource002,Python Bài tập thực hành,Slide,"Tài liệu 'Python Bài tập thực hành' thuộc ngành Công nghệ thông tin, hỗ trợ chủ đề SQL, phù hợp mức Advanced. Nội dung hướng đến mục tiêu BuildProject, rèn kỹ năng SQL, có ví dụ, tình huống thực hành và minh chứng để phục vụ hệ thống Ontology RAG đa ngành.",3.7
Resource003,SQL Cơ bản,PracticeExercise,"Tài liệu 'SQL Cơ bản' thuộc ngành Công nghệ thông tin, hỗ trợ chủ đề ArtificialIntelligence, phù hợp mức ExamPreparation. Nội dung hướng đến mục tiêu AnalyzeData, rèn kỹ năng React, có ví dụ, tình huống thực hành và minh chứng để phục vụ hệ thống Ontology RAG đa ngành.",4.4
Resource004,SQL Practice Workbook,Book,"Tài liệu 'SQL Practice Workbook' thuộc ngành Công nghệ thông tin, hỗ trợ chủ đề MachineLearning, phù hợp mức Beginner. Nội dung hướng đến mục tiêu ApplyIndustry, rèn kỹ năng APIDesign, có ví dụ, tình huống thực hành và minh chứng để phục vụ hệ thống Ontology RAG đa ngành.",3.7
Resource005,Slide Nhập môn Trí tuệ nhân tạo,Video,"Tài liệu 'Slide Nhập môn Trí tuệ nhân tạo' thuộc ngành Công nghệ thông tin, hỗ trợ chủ đề WebDevelopment, phù hợp mức Advanced. Nội dung hướng đến mục tiêu ResearchTopic, rèn kỹ năng DataAnalysis, có ví dụ, tình huống thực hành và minh chứng để phục vụ hệ thống Ontology RAG đa ngành.",4.4
Resource006,Pandas Tutorial,Notebook,"Tài liệu 'Pandas Tutorial' thuộc ngành Công nghệ thông tin, hỗ trợ chủ đề Database, phù hợp mức ExamPreparation. Nội dung hướng đến mục tiêu PracticeCoding, rèn kỹ năng MachineLearning, có ví dụ, tình huống thực hành và minh chứng để phục vụ hệ thống Ontology RAG đa ngành.",3.7
Resource007,Data Visualization với Matplotlib,ProjectSample,"Tài liệu 'Data Visualization với Matplotlib' thuộc ngành Công nghệ thông tin, hỗ trợ chủ đề DataAnalysis, phù hợp mức Beginner. Nội dung hướng đến mục tiêu ImproveLanguage, rèn kỹ năng Git, có ví dụ, tình huống thực hành và minh chứng để phục vụ hệ thống Ontology RAG đa ngành.",4.4
Resource008,Machine Learning Cơ bản,Tutorial,"Tài liệu 'Machine Learning Cơ bản' thuộc ngành Công nghệ thông tin, hỗ trợ chủ đề Git, phù hợp mức Advanced. Nội dung hướng đến mục tiêu TechnicalMaintenance, rèn kỹ năng Debugging, có ví dụ, tình huống thực hành và minh chứng để phục vụ hệ thống Ontology RAG đa ngành.",3.7
Resource009,Cấu trúc dữ liệu qua ví dụ,Slide,"Tài liệu 'Cấu trúc dữ liệu qua ví dụ' thuộc ngành Công nghệ thông tin, hỗ trợ chủ đề Python, phù hợp mức ExamPreparation. Nội dung hướng đến mục tiêu SupplyChainOptimization, rèn kỹ năng Python, có ví dụ, tình huống thực hành và minh chứng để phục vụ hệ thống Ontology RAG đa ngành.",4.4
Resource010,Java OOP Tutorial,PracticeExercise,"Tài liệu 'Java OOP Tutorial' thuộc ngành Công nghệ thông tin, hỗ trợ chủ đề SQL, phù hợp mức Beginner. Nội dung hướng đến mục tiêu ProfessionalCertification, rèn kỹ năng SQL, có ví dụ, tình huống thực hành và minh chứng để phục vụ hệ thống Ontology RAG đa ngành.",3.7
Resource011,Web Frontend Cơ bản,Book,"Tài liệu 'Web Frontend Cơ bản' thuộc ngành Công nghệ thông tin, hỗ trợ chủ đề ArtificialIntelligence, phù hợp mức Advanced. Nội dung hướng đến mục tiêu PracticeSkill, rèn kỹ năng React, có ví dụ, tình huống thực hành và minh chứng để phục vụ hệ thống Ontology RAG đa ngành.",4.4
Resource012,Git và GitHub cho sinh viên,Video,"Tài liệu 'Git và GitHub cho sinh viên' thuộc ngành Công nghệ thông tin, hỗ trợ chủ đề MachineLearning, phù hợp mức ExamPreparation. Nội dung hướng đến mục tiêu BuildProject, rèn kỹ năng APIDesign, có ví dụ, tình huống thực hành và minh chứng để phục vụ hệ thống Ontology RAG đa ngành.",3.7
Resource013,Notebook Phân tích dữ liệu mẫu,Notebook,"Tài liệu 'Notebook Phân tích dữ liệu mẫu' thuộc ngành Công nghệ thông tin, hỗ trợ chủ đề WebDevelopment, phù hợp mức Beginner. Nội dung hướng đến mục tiêu AnalyzeData, rèn kỹ năng DataAnalysis, có ví dụ, tình huống thực hành và minh chứng để phục vụ hệ thống Ontology RAG đa ngành.",4.4
Resource014,Đồ án mẫu Python Data Analysis,ProjectSample,"Tài liệu 'Đồ án mẫu Python Data Analysis' thuộc ngành Công nghệ thông tin, hỗ trợ chủ đề Database, phù hợp mức Advanced. Nội dung hướng đến mục tiêu ApplyIndustry, rèn kỹ năng MachineLearning, có ví dụ, tình huống thực hành và minh chứng để phục vụ hệ thống Ontology RAG đa ngành.",3.7
Resource015,Slide Lý thuyết Cơ sở dữ liệu,Tutorial,"Tài liệu 'Slide Lý thuyết Cơ sở dữ liệu' thuộc ngành Công nghệ thông tin, hỗ trợ chủ đề DataAnalysis, phù hợp mức ExamPreparation. Nội dung hướng đến mục tiêu ResearchTopic, rèn kỹ năng Git, có ví dụ, tình huống thực hành và minh chứng để phục vụ hệ thống Ontology RAG đa ngành.",4.4
Resource016,Quản trị học căn bản,Video,"Tài liệu 'Quản trị học căn bản' thuộc ngành Quản trị kinh doanh, hỗ trợ chủ đề Management, phù hợp mức ProjectReady. Nội dung hướng đến mục tiêu FinancialAnalysis, rèn kỹ năng Planning, có ví dụ, tình huống thực hành và minh chứng để phục vụ hệ thống Ontology RAG đa ngành.",3.7
Resource017,Chiến lược kinh doanh qua tình huống,Notebook,"Tài liệu 'Chiến lược kinh doanh qua tình huống' thuộc ngành Quản trị kinh doanh, hỗ trợ chủ đề BusinessStrategy, phù hợp mức Foundation. Nội dung hướng đến mục tiêu CreativeDesign, rèn kỹ năng Leadership, có ví dụ, tình huống thực hành và minh chứng để phục vụ hệ thống Ontology RAG đa ngành.",4.4
Resource018,Hành vi tổ chức cho nhà quản trị,ProjectSample,"Tài liệu 'Hành vi tổ chức cho nhà quản trị' thuộc ngành Quản trị kinh doanh, hỗ trợ chủ đề OrganizationalBehavior, phù hợp mức Intermediate. Nội dung hướng đến mục tiêu LearnFoundation, rèn kỹ năng MarketAnalysis, có ví dụ, tình huống thực hành và minh chứng để phục vụ hệ thống Ontology RAG đa ngành.",3.7
Resource019,Khởi nghiệp và mô hình kinh doanh,Tutorial,"Tài liệu 'Khởi nghiệp và mô hình kinh doanh' thuộc ngành Quản trị kinh doanh, hỗ trợ chủ đề Entrepreneurship, phù hợp mức ProjectReady. Nội dung hướng đến mục tiêu PrepareExam, rèn kỹ năng DecisionMaking, có ví dụ, tình huống thực hành và minh chứng để phục vụ hệ thống Ontology RAG đa ngành.",4.4
Resource020,Quản trị nhân sự thực hành,Slide,"Tài liệu 'Quản trị nhân sự thực hành' thuộc ngành Quản trị kinh doanh, hỗ trợ chủ đề HumanResource, phù hợp mức Foundation. Nội dung hướng đến mục tiêu ImproveCommunication, rèn kỹ năng Teamwork, có ví dụ, tình huống thực hành và minh chứng để phục vụ hệ thống Ontology RAG đa ngành.",3.7
Resource021,Lập kế hoạch kinh doanh mẫu,PracticeExercise,"Tài liệu 'Lập kế hoạch kinh doanh mẫu' thuộc ngành Quản trị kinh doanh, hỗ trợ chủ đề BusinessPlanning, phù hợp mức Intermediate. Nội dung hướng đến mục tiêu UnderstandTheory, rèn kỹ năng BusinessWriting, có ví dụ, tình huống thực hành và minh chứng để phục vụ hệ thống Ontology RAG đa ngành.",4.4
Resource022,Kỹ năng ra quyết định quản trị,Book,"Tài liệu 'Kỹ năng ra quyết định quản trị' thuộc ngành Quản trị kinh doanh, hỗ trợ chủ đề Management, phù hợp mức ProjectReady. Nội dung hướng đến mục tiêu DevelopCareer, rèn kỹ năng Planning, có ví dụ, tình huống thực hành và minh chứng để phục vụ hệ thống Ontology RAG đa ngành.",3.7
Resource023,Phân tích môi trường kinh doanh,Video,"Tài liệu 'Phân tích môi trường kinh doanh' thuộc ngành Quản trị kinh doanh, hỗ trợ chủ đề BusinessStrategy, phù hợp mức Foundation. Nội dung hướng đến mục tiêu LearnProgramming, rèn kỹ năng Leadership, có ví dụ, tình huống thực hành và minh chứng để phục vụ hệ thống Ontology RAG đa ngành.",4.4
Resource024,Quản trị vận hành căn bản,Notebook,"Tài liệu 'Quản trị vận hành căn bản' thuộc ngành Quản trị kinh doanh, hỗ trợ chủ đề OrganizationalBehavior, phù hợp mức Intermediate. Nội dung hướng đến mục tiêu LearnBusiness, rèn kỹ năng MarketAnalysis, có ví dụ, tình huống thực hành và minh chứng để phục vụ hệ thống Ontology RAG đa ngành.",3.7
Resource025,Bài tập tình huống quản trị,ProjectSample,"Tài liệu 'Bài tập tình huống quản trị' thuộc ngành Quản trị kinh doanh, hỗ trợ chủ đề Entrepreneurship, phù hợp mức ProjectReady. Nội dung hướng đến mục tiêu ServiceOperations, rèn kỹ năng DecisionMaking, có ví dụ, tình huống thực hành và minh chứng để phục vụ hệ thống Ontology RAG đa ngành.",4.4
Resource026,Nghiệp vụ lễ tân khách sạn,PracticeExercise,"Tài liệu 'Nghiệp vụ lễ tân khách sạn' thuộc ngành Quản trị khách sạn, hỗ trợ chủ đề FrontOffice, phù hợp mức Intermediate. Nội dung hướng đến mục tiêu UnderstandTheory, rèn kỹ năng FrontOfficeService, có ví dụ, tình huống thực hành và minh chứng để phục vụ hệ thống Ontology RAG đa ngành.",3.7
Resource027,Quản trị buồng phòng cơ bản,Book,"Tài liệu 'Quản trị buồng phòng cơ bản' thuộc ngành Quản trị khách sạn, hỗ trợ chủ đề Housekeeping, phù hợp mức ProjectReady. Nội dung hướng đến mục tiêu DevelopCareer, rèn kỹ năng GuestCommunication, có ví dụ, tình huống thực hành và minh chứng để phục vụ hệ thống Ontology RAG đa ngành.",4.4
Resource028,Dịch vụ nhà hàng khách sạn,Video,"Tài liệu 'Dịch vụ nhà hàng khách sạn' thuộc ngành Quản trị khách sạn, hỗ trợ chủ đề FoodBeverage, phù hợp mức Foundation. Nội dung hướng đến mục tiêu LearnProgramming, rèn kỹ năng ReservationHandling, có ví dụ, tình huống thực hành và minh chứng để phục vụ hệ thống Ontology RAG đa ngành.",3.7
Resource029,Xử lý tình huống khách hàng,Notebook,"Tài liệu 'Xử lý tình huống khách hàng' thuộc ngành Quản trị khách sạn, hỗ trợ chủ đề HotelService, phù hợp mức Intermediate. Nội dung hướng đến mục tiêu LearnBusiness, rèn kỹ năng HousekeepingInspection, có ví dụ, tình huống thực hành và minh chứng để phục vụ hệ thống Ontology RAG đa ngành.",4.4
Resource030,Quản trị trải nghiệm khách lưu trú,ProjectSample,"Tài liệu 'Quản trị trải nghiệm khách lưu trú' thuộc ngành Quản trị khách sạn, hỗ trợ chủ đề GuestExperience, phù hợp mức ProjectReady. Nội dung hướng đến mục tiêu ServiceOperations, rèn kỹ năng ServiceRecovery, có ví dụ, tình huống thực hành và minh chứng để phục vụ hệ thống Ontology RAG đa ngành.",3.7
Resource031,Tài liệu đặt phòng và check-in,Tutorial,"Tài liệu 'Tài liệu đặt phòng và check-in' thuộc ngành Quản trị khách sạn, hỗ trợ chủ đề HospitalityManagement, phù hợp mức Foundation. Nội dung hướng đến mục tiêu FinancialAnalysis, rèn kỹ năng EventCoordination, có ví dụ, tình huống thực hành và minh chứng để phục vụ hệ thống Ontology RAG đa ngành.",4.4
Resource032,Tiêu chuẩn phục vụ khách sạn,Slide,"Tài liệu 'Tiêu chuẩn phục vụ khách sạn' thuộc ngành Quản trị khách sạn, hỗ trợ chủ đề FrontOffice, phù hợp mức Intermediate. Nội dung hướng đến mục tiêu CreativeDesign, rèn kỹ năng FrontOfficeService, có ví dụ, tình huống thực hành và minh chứng để phục vụ hệ thống Ontology RAG đa ngành.",3.7
Resource033,Quản trị chất lượng dịch vụ lưu trú,PracticeExercise,"Tài liệu 'Quản trị chất lượng dịch vụ lưu trú' thuộc ngành Quản trị khách sạn, hỗ trợ chủ đề Housekeeping, phù hợp mức ProjectReady. Nội dung hướng đến mục tiêu LearnFoundation, rèn kỹ năng GuestCommunication, có ví dụ, tình huống thực hành và minh chứng để phục vụ hệ thống Ontology RAG đa ngành.",4.4
Resource034,Kỹ năng giao tiếp ngành khách sạn,Book,"Tài liệu 'Kỹ năng giao tiếp ngành khách sạn' thuộc ngành Quản trị khách sạn, hỗ trợ chủ đề FoodBeverage, phù hợp mức Foundation. Nội dung hướng đến mục tiêu PrepareExam, rèn kỹ năng ReservationHandling, có ví dụ, tình huống thực hành và minh chứng để phục vụ hệ thống Ontology RAG đa ngành.",3.7
Resource035,Case study vận hành khách sạn,Video,"Tài liệu 'Case study vận hành khách sạn' thuộc ngành Quản trị khách sạn, hỗ trợ chủ đề HotelService, phù hợp mức Intermediate. Nội dung hướng đến mục tiêu ImproveCommunication, rèn kỹ năng HousekeepingInspection, có ví dụ, tình huống thực hành và minh chứng để phục vụ hệ thống Ontology RAG đa ngành.",4.4
Resource036,Ngữ pháp tiếng Anh nền tảng,Tutorial,"Tài liệu 'Ngữ pháp tiếng Anh nền tảng' thuộc ngành Ngôn ngữ Anh, hỗ trợ chủ đề EnglishGrammar, phù hợp mức Foundation. Nội dung hướng đến mục tiêu FinancialAnalysis, rèn kỹ năng Grammar, có ví dụ, tình huống thực hành và minh chứng để phục vụ hệ thống Ontology RAG đa ngành.",3.7
Resource037,Academic Writing cho sinh viên,Slide,"Tài liệu 'Academic Writing cho sinh viên' thuộc ngành Ngôn ngữ Anh, hỗ trợ chủ đề AcademicWriting, phù hợp mức Intermediate. Nội dung hướng đến mục tiêu CreativeDesign, rèn kỹ năng EssayWriting, có ví dụ, tình huống thực hành và minh chứng để phục vụ hệ thống Ontology RAG đa ngành.",4.4
Resource038,IELTS Listening Practice,PracticeExercise,"Tài liệu 'IELTS Listening Practice' thuộc ngành Ngôn ngữ Anh, hỗ trợ chủ đề IELTS, phù hợp mức ProjectReady. Nội dung hướng đến mục tiêu LearnFoundation, rèn kỹ năng ListeningPractice, có ví dụ, tình huống thực hành và minh chứng để phục vụ hệ thống Ontology RAG đa ngành.",3.7
Resource039,IELTS Speaking theo chủ đề,Book,"Tài liệu 'IELTS Speaking theo chủ đề' thuộc ngành Ngôn ngữ Anh, hỗ trợ chủ đề BusinessEnglish, phù hợp mức Foundation. Nội dung hướng đến mục tiêu PrepareExam, rèn kỹ năng SpeakingFluency, có ví dụ, tình huống thực hành và minh chứng để phục vụ hệ thống Ontology RAG đa ngành.",4.4
Resource040,Business English Communication,Video,"Tài liệu 'Business English Communication' thuộc ngành Ngôn ngữ Anh, hỗ trợ chủ đề Speaking, phù hợp mức Intermediate. Nội dung hướng đến mục tiêu ImproveCommunication, rèn kỹ năng VocabularyBuilding, có ví dụ, tình huống thực hành và minh chứng để phục vụ hệ thống Ontology RAG đa ngành.",3.7
Resource041,Từ vựng học thuật tiếng Anh,Notebook,"Tài liệu 'Từ vựng học thuật tiếng Anh' thuộc ngành Ngôn ngữ Anh, hỗ trợ chủ đề Listening, phù hợp mức ProjectReady. Nội dung hướng đến mục tiêu UnderstandTheory, rèn kỹ năng TranslationSkill, có ví dụ, tình huống thực hành và minh chứng để phục vụ hệ thống Ontology RAG đa ngành.",4.4
Resource042,Đọc hiểu tiếng Anh học thuật,ProjectSample,"Tài liệu 'Đọc hiểu tiếng Anh học thuật' thuộc ngành Ngôn ngữ Anh, hỗ trợ chủ đề Reading, phù hợp mức Foundation. Nội dung hướng đến mục tiêu DevelopCareer, rèn kỹ năng Grammar, có ví dụ, tình huống thực hành và minh chứng để phục vụ hệ thống Ontology RAG đa ngành.",3.7
Resource043,Kỹ năng dịch Anh Việt cơ bản,Tutorial,"Tài liệu 'Kỹ năng dịch Anh Việt cơ bản' thuộc ngành Ngôn ngữ Anh, hỗ trợ chủ đề Translation, phù hợp mức Intermediate. Nội dung hướng đến mục tiêu LearnProgramming, rèn kỹ năng EssayWriting, có ví dụ, tình huống thực hành và minh chứng để phục vụ hệ thống Ontology RAG đa ngành.",4.4
Resource044,Phát âm tiếng Anh thực hành,Slide,"Tài liệu 'Phát âm tiếng Anh thực hành' thuộc ngành Ngôn ngữ Anh, hỗ trợ chủ đề EnglishGrammar, phù hợp mức ProjectReady. Nội dung hướng đến mục tiêu LearnBusiness, rèn kỹ năng ListeningPractice, có ví dụ, tình huống thực hành và minh chứng để phục vụ hệ thống Ontology RAG đa ngành.",3.7
Resource045,Viết email tiếng Anh công việc,PracticeExercise,"Tài liệu 'Viết email tiếng Anh công việc' thuộc ngành Ngôn ngữ Anh, hỗ trợ chủ đề AcademicWriting, phù hợp mức Foundation. Nội dung hướng đến mục tiêu ServiceOperations, rèn kỹ năng SpeakingFluency, có ví dụ, tình huống thực hành và minh chứng để phục vụ hệ thống Ontology RAG đa ngành.",4.4
Resource046,Tiếng Trung HSK 1 nhập môn,Notebook,"Tài liệu 'Tiếng Trung HSK 1 nhập môn' thuộc ngành Ngôn ngữ Trung, hỗ trợ chủ đề ChineseHSK, phù hợp mức ProjectReady. Nội dung hướng đến mục tiêu UnderstandTheory, rèn kỹ năng HSKVocabulary, có ví dụ, tình huống thực hành và minh chứng để phục vụ hệ thống Ontology RAG đa ngành.",3.7
Resource047,Tiếng Trung HSK 2 luyện tập,ProjectSample,"Tài liệu 'Tiếng Trung HSK 2 luyện tập' thuộc ngành Ngôn ngữ Trung, hỗ trợ chủ đề ChineseSpeaking, phù hợp mức Foundation. Nội dung hướng đến mục tiêu DevelopCareer, rèn kỹ năng ChineseListening, có ví dụ, tình huống thực hành và minh chứng để phục vụ hệ thống Ontology RAG đa ngành.",4.4
Resource048,Ngữ pháp tiếng Trung cơ bản,Tutorial,"Tài liệu 'Ngữ pháp tiếng Trung cơ bản' thuộc ngành Ngôn ngữ Trung, hỗ trợ chủ đề ChineseGrammar, phù hợp mức Intermediate. Nội dung hướng đến mục tiêu LearnProgramming, rèn kỹ năng ChineseSpeaking, có ví dụ, tình huống thực hành và minh chứng để phục vụ hệ thống Ontology RAG đa ngành.",3.7
Resource049,Giao tiếp tiếng Trung hằng ngày,Slide,"Tài liệu 'Giao tiếp tiếng Trung hằng ngày' thuộc ngành Ngôn ngữ Trung, hỗ trợ chủ đề BusinessChinese, phù hợp mức ProjectReady. Nội dung hướng đến mục tiêu LearnBusiness, rèn kỹ năng CharacterWriting, có ví dụ, tình huống thực hành và minh chứng để phục vụ hệ thống Ontology RAG đa ngành.",4.4
Resource050,Từ vựng tiếng Trung thương mại,PracticeExercise,"Tài liệu 'Từ vựng tiếng Trung thương mại' thuộc ngành Ngôn ngữ Trung, hỗ trợ chủ đề ChineseVocabulary, phù hợp mức Foundation. Nội dung hướng đến mục tiêu ServiceOperations, rèn kỹ năng BusinessConversation, có ví dụ, tình huống thực hành và minh chứng để phục vụ hệ thống Ontology RAG đa ngành.",3.7
Resource051,Luyện nghe tiếng Trung cơ bản,Book,"Tài liệu 'Luyện nghe tiếng Trung cơ bản' thuộc ngành Ngôn ngữ Trung, hỗ trợ chủ đề TranslationChinese, phù hợp mức Intermediate. Nội dung hướng đến mục tiêu FinancialAnalysis, rèn kỹ năng ChineseTranslation, có ví dụ, tình huống thực hành và minh chứng để phục vụ hệ thống Ontology RAG đa ngành.",4.4
Resource052,Viết chữ Hán cho người mới,Video,"Tài liệu 'Viết chữ Hán cho người mới' thuộc ngành Ngôn ngữ Trung, hỗ trợ chủ đề ChineseHSK, phù hợp mức ProjectReady. Nội dung hướng đến mục tiêu CreativeDesign, rèn kỹ năng HSKVocabulary, có ví dụ, tình huống thực hành và minh chứng để phục vụ hệ thống Ontology RAG đa ngành.",3.7
Resource053,Dịch Trung Việt căn bản,Notebook,"Tài liệu 'Dịch Trung Việt căn bản' thuộc ngành Ngôn ngữ Trung, hỗ trợ chủ đề ChineseSpeaking, phù hợp mức Foundation. Nội dung hướng đến mục tiêu LearnFoundation, rèn kỹ năng ChineseListening, có ví dụ, tình huống thực hành và minh chứng để phục vụ hệ thống Ontology RAG đa ngành.",4.4
Resource054,Tiếng Trung khách sạn du lịch,ProjectSample,"Tài liệu 'Tiếng Trung khách sạn du lịch' thuộc ngành Ngôn ngữ Trung, hỗ trợ chủ đề ChineseGrammar, phù hợp mức Intermediate. Nội dung hướng đến mục tiêu PrepareExam, rèn kỹ năng ChineseSpeaking, có ví dụ, tình huống thực hành và minh chứng để phục vụ hệ thống Ontology RAG đa ngành.",3.7
Resource055,Business Chinese thực hành,Tutorial,"Tài liệu 'Business Chinese thực hành' thuộc ngành Ngôn ngữ Trung, hỗ trợ chủ đề BusinessChinese, phù hợp mức ProjectReady. Nội dung hướng đến mục tiêu ImproveCommunication, rèn kỹ năng CharacterWriting, có ví dụ, tình huống thực hành và minh chứng để phục vụ hệ thống Ontology RAG đa ngành.",4.4
Resource056,Động cơ ô tô căn bản,Book,"Tài liệu 'Động cơ ô tô căn bản' thuộc ngành Công nghệ kỹ thuật ô tô, hỗ trợ chủ đề AutomotiveEngine, phù hợp mức Intermediate. Nội dung hướng đến mục tiêu FinancialAnalysis, rèn kỹ năng EngineInspection, có ví dụ, tình huống thực hành và minh chứng để phục vụ hệ thống Ontology RAG đa ngành.",3.7
Resource057,Hệ thống điện ô tô,Video,"Tài liệu 'Hệ thống điện ô tô' thuộc ngành Công nghệ kỹ thuật ô tô, hỗ trợ chủ đề AutomotiveElectrical, phù hợp mức ProjectReady. Nội dung hướng đến mục tiêu CreativeDesign, rèn kỹ năng DiagnosticTool, có ví dụ, tình huống thực hành và minh chứng để phục vụ hệ thống Ontology RAG đa ngành.",4.4
Resource058,Chẩn đoán lỗi ô tô bằng thiết bị,Notebook,"Tài liệu 'Chẩn đoán lỗi ô tô bằng thiết bị' thuộc ngành Công nghệ kỹ thuật ô tô, hỗ trợ chủ đề VehicleDiagnostics, phù hợp mức Foundation. Nội dung hướng đến mục tiêu LearnFoundation, rèn kỹ năng WiringReading, có ví dụ, tình huống thực hành và minh chứng để phục vụ hệ thống Ontology RAG đa ngành.",3.7
Resource059,Bảo dưỡng ô tô định kỳ,ProjectSample,"Tài liệu 'Bảo dưỡng ô tô định kỳ' thuộc ngành Công nghệ kỹ thuật ô tô, hỗ trợ chủ đề Maintenance, phù hợp mức Intermediate. Nội dung hướng đến mục tiêu PrepareExam, rèn kỹ năng MaintenancePlanning, có ví dụ, tình huống thực hành và minh chứng để phục vụ hệ thống Ontology RAG đa ngành.",4.4
Resource060,Hệ thống truyền lực ô tô,Tutorial,"Tài liệu 'Hệ thống truyền lực ô tô' thuộc ngành Công nghệ kỹ thuật ô tô, hỗ trợ chủ đề TransmissionSystem, phù hợp mức ProjectReady. Nội dung hướng đến mục tiêu ImproveCommunication, rèn kỹ năng SafetyProcedure, có ví dụ, tình huống thực hành và minh chứng để phục vụ hệ thống Ontology RAG đa ngành.",3.7
Resource061,An toàn xưởng dịch vụ ô tô,Slide,"Tài liệu 'An toàn xưởng dịch vụ ô tô' thuộc ngành Công nghệ kỹ thuật ô tô, hỗ trợ chủ đề EVTechnology, phù hợp mức Foundation. Nội dung hướng đến mục tiêu UnderstandTheory, rèn kỹ năng EVSystem, có ví dụ, tình huống thực hành và minh chứng để phục vụ hệ thống Ontology RAG đa ngành.",4.4
Resource062,Cảm biến và ECU trên ô tô,PracticeExercise,"Tài liệu 'Cảm biến và ECU trên ô tô' thuộc ngành Công nghệ kỹ thuật ô tô, hỗ trợ chủ đề AutomotiveEngine, phù hợp mức Intermediate. Nội dung hướng đến mục tiêu DevelopCareer, rèn kỹ năng EngineInspection, có ví dụ, tình huống thực hành và minh chứng để phục vụ hệ thống Ontology RAG đa ngành.",3.7
Resource063,Công nghệ xe điện nhập môn,Book,"Tài liệu 'Công nghệ xe điện nhập môn' thuộc ngành Công nghệ kỹ thuật ô tô, hỗ trợ chủ đề AutomotiveElectrical, phù hợp mức ProjectReady. Nội dung hướng đến mục tiêu LearnProgramming, rèn kỹ năng DiagnosticTool, có ví dụ, tình huống thực hành và minh chứng để phục vụ hệ thống Ontology RAG đa ngành.",4.4
Resource064,Quy trình kiểm tra gầm xe,Video,"Tài liệu 'Quy trình kiểm tra gầm xe' thuộc ngành Công nghệ kỹ thuật ô tô, hỗ trợ chủ đề VehicleDiagnostics, phù hợp mức Foundation. Nội dung hướng đến mục tiêu LearnBusiness, rèn kỹ năng WiringReading, có ví dụ, tình huống thực hành và minh chứng để phục vụ hệ thống Ontology RAG đa ngành.",3.7
Resource065,Bài tập thực hành động cơ,Notebook,"Tài liệu 'Bài tập thực hành động cơ' thuộc ngành Công nghệ kỹ thuật ô tô, hỗ trợ chủ đề Maintenance, phù hợp mức Intermediate. Nội dung hướng đến mục tiêu ServiceOperations, rèn kỹ năng MaintenancePlanning, có ví dụ, tình huống thực hành và minh chứng để phục vụ hệ thống Ontology RAG đa ngành.",4.4
Resource066,Nguyên lý kế toán,Slide,"Tài liệu 'Nguyên lý kế toán' thuộc ngành Kế toán, hỗ trợ chủ đề AccountingPrinciples, phù hợp mức Foundation. Nội dung hướng đến mục tiêu UnderstandTheory, rèn kỹ năng JournalEntry, có ví dụ, tình huống thực hành và minh chứng để phục vụ hệ thống Ontology RAG đa ngành.",3.7
Resource067,Kế toán tài chính căn bản,PracticeExercise,"Tài liệu 'Kế toán tài chính căn bản' thuộc ngành Kế toán, hỗ trợ chủ đề FinancialAccounting, phù hợp mức Intermediate. Nội dung hướng đến mục tiêu DevelopCareer, rèn kỹ năng FinancialStatement, có ví dụ, tình huống thực hành và minh chứng để phục vụ hệ thống Ontology RAG đa ngành.",4.4
Resource068,Kế toán chi phí thực hành,Book,"Tài liệu 'Kế toán chi phí thực hành' thuộc ngành Kế toán, hỗ trợ chủ đề CostAccounting, phù hợp mức ProjectReady. Nội dung hướng đến mục tiêu LearnProgramming, rèn kỹ năng ExcelAccounting, có ví dụ, tình huống thực hành và minh chứng để phục vụ hệ thống Ontology RAG đa ngành.",3.7
Resource069,Kế toán thuế cho doanh nghiệp nhỏ,Video,"Tài liệu 'Kế toán thuế cho doanh nghiệp nhỏ' thuộc ngành Kế toán, hỗ trợ chủ đề TaxAccounting, phù hợp mức Foundation. Nội dung hướng đến mục tiêu LearnBusiness, rèn kỹ năng TaxDeclaration, có ví dụ, tình huống thực hành và minh chứng để phục vụ hệ thống Ontology RAG đa ngành.",4.4
Resource070,Excel kế toán ứng dụng,Notebook,"Tài liệu 'Excel kế toán ứng dụng' thuộc ngành Kế toán, hỗ trợ chủ đề ExcelAccounting, phù hợp mức Intermediate. Nội dung hướng đến mục tiêu ServiceOperations, rèn kỹ năng CostCalculation, có ví dụ, tình huống thực hành và minh chứng để phục vụ hệ thống Ontology RAG đa ngành.",3.7
Resource071,Lập báo cáo tài chính mẫu,ProjectSample,"Tài liệu 'Lập báo cáo tài chính mẫu' thuộc ngành Kế toán, hỗ trợ chủ đề AuditBasics, phù hợp mức ProjectReady. Nội dung hướng đến mục tiêu FinancialAnalysis, rèn kỹ năng AuditChecklist, có ví dụ, tình huống thực hành và minh chứng để phục vụ hệ thống Ontology RAG đa ngành.",4.4
Resource072,Bài tập định khoản kế toán,Tutorial,"Tài liệu 'Bài tập định khoản kế toán' thuộc ngành Kế toán, hỗ trợ chủ đề AccountingPrinciples, phù hợp mức Foundation. Nội dung hướng đến mục tiêu CreativeDesign, rèn kỹ năng JournalEntry, có ví dụ, tình huống thực hành và minh chứng để phục vụ hệ thống Ontology RAG đa ngành.",3.7
Resource073,Kiểm toán căn bản,Slide,"Tài liệu 'Kiểm toán căn bản' thuộc ngành Kế toán, hỗ trợ chủ đề FinancialAccounting, phù hợp mức Intermediate. Nội dung hướng đến mục tiêu LearnFoundation, rèn kỹ năng FinancialStatement, có ví dụ, tình huống thực hành và minh chứng để phục vụ hệ thống Ontology RAG đa ngành.",4.4
Resource074,Sổ sách kế toán thực hành,PracticeExercise,"Tài liệu 'Sổ sách kế toán thực hành' thuộc ngành Kế toán, hỗ trợ chủ đề CostAccounting, phù hợp mức ProjectReady. Nội dung hướng đến mục tiêu PrepareExam, rèn kỹ năng ExcelAccounting, có ví dụ, tình huống thực hành và minh chứng để phục vụ hệ thống Ontology RAG đa ngành.",3.7
Resource075,Phân tích chứng từ kế toán,Book,"Tài liệu 'Phân tích chứng từ kế toán' thuộc ngành Kế toán, hỗ trợ chủ đề TaxAccounting, phù hợp mức Foundation. Nội dung hướng đến mục tiêu ImproveCommunication, rèn kỹ năng TaxDeclaration, có ví dụ, tình huống thực hành và minh chứng để phục vụ hệ thống Ontology RAG đa ngành.",4.4
Resource076,Tài chính doanh nghiệp căn bản,ProjectSample,"Tài liệu 'Tài chính doanh nghiệp căn bản' thuộc ngành Tài chính ngân hàng, hỗ trợ chủ đề CorporateFinance, phù hợp mức ProjectReady. Nội dung hướng đến mục tiêu FinancialAnalysis, rèn kỹ năng FinancialAnalysis, có ví dụ, tình huống thực hành và minh chứng để phục vụ hệ thống Ontology RAG đa ngành.",3.7
Resource077,Ngân hàng thương mại,Tutorial,"Tài liệu 'Ngân hàng thương mại' thuộc ngành Tài chính ngân hàng, hỗ trợ chủ đề Banking, phù hợp mức Foundation. Nội dung hướng đến mục tiêu CreativeDesign, rèn kỹ năng CreditScoring, có ví dụ, tình huống thực hành và minh chứng để phục vụ hệ thống Ontology RAG đa ngành.",4.4
Resource078,Phân tích tín dụng cá nhân,Slide,"Tài liệu 'Phân tích tín dụng cá nhân' thuộc ngành Tài chính ngân hàng, hỗ trợ chủ đề Investment, phù hợp mức Intermediate. Nội dung hướng đến mục tiêu LearnFoundation, rèn kỹ năng InvestmentEvaluation, có ví dụ, tình huống thực hành và minh chứng để phục vụ hệ thống Ontology RAG đa ngành.",3.7
Resource079,Đầu tư chứng khoán nhập môn,PracticeExercise,"Tài liệu 'Đầu tư chứng khoán nhập môn' thuộc ngành Tài chính ngân hàng, hỗ trợ chủ đề RiskManagement, phù hợp mức ProjectReady. Nội dung hướng đến mục tiêu PrepareExam, rèn kỹ năng RiskAssessment, có ví dụ, tình huống thực hành và minh chứng để phục vụ hệ thống Ontology RAG đa ngành.",4.4
Resource080,Quản trị rủi ro tài chính,Book,"Tài liệu 'Quản trị rủi ro tài chính' thuộc ngành Tài chính ngân hàng, hỗ trợ chủ đề CreditAnalysis, phù hợp mức Foundation. Nội dung hướng đến mục tiêu ImproveCommunication, rèn kỹ năng CashFlowAnalysis, có ví dụ, tình huống thực hành và minh chứng để phục vụ hệ thống Ontology RAG đa ngành.",3.7
Resource081,Thị trường tài chính và tiền tệ,Video,"Tài liệu 'Thị trường tài chính và tiền tệ' thuộc ngành Tài chính ngân hàng, hỗ trợ chủ đề FinancialMarkets, phù hợp mức Intermediate. Nội dung hướng đến mục tiêu UnderstandTheory, rèn kỹ năng BankingOperations, có ví dụ, tình huống thực hành và minh chứng để phục vụ hệ thống Ontology RAG đa ngành.",4.4
Resource082,Phân tích dòng tiền,Notebook,"Tài liệu 'Phân tích dòng tiền' thuộc ngành Tài chính ngân hàng, hỗ trợ chủ đề CorporateFinance, phù hợp mức ProjectReady. Nội dung hướng đến mục tiêu DevelopCareer, rèn kỹ năng FinancialAnalysis, có ví dụ, tình huống thực hành và minh chứng để phục vụ hệ thống Ontology RAG đa ngành.",3.7
Resource083,Định giá dự án đầu tư,ProjectSample,"Tài liệu 'Định giá dự án đầu tư' thuộc ngành Tài chính ngân hàng, hỗ trợ chủ đề Banking, phù hợp mức Foundation. Nội dung hướng đến mục tiêu LearnProgramming, rèn kỹ năng CreditScoring, có ví dụ, tình huống thực hành và minh chứng để phục vụ hệ thống Ontology RAG đa ngành.",4.4
Resource084,Nghiệp vụ ngân hàng số,Tutorial,"Tài liệu 'Nghiệp vụ ngân hàng số' thuộc ngành Tài chính ngân hàng, hỗ trợ chủ đề Investment, phù hợp mức Intermediate. Nội dung hướng đến mục tiêu LearnBusiness, rèn kỹ năng InvestmentEvaluation, có ví dụ, tình huống thực hành và minh chứng để phục vụ hệ thống Ontology RAG đa ngành.",3.7
Resource085,Bài tập tài chính doanh nghiệp,Slide,"Tài liệu 'Bài tập tài chính doanh nghiệp' thuộc ngành Tài chính ngân hàng, hỗ trợ chủ đề RiskManagement, phù hợp mức ProjectReady. Nội dung hướng đến mục tiêu ServiceOperations, rèn kỹ năng RiskAssessment, có ví dụ, tình huống thực hành và minh chứng để phục vụ hệ thống Ontology RAG đa ngành.",4.4
Resource086,Quản trị chuỗi cung ứng,Video,"Tài liệu 'Quản trị chuỗi cung ứng' thuộc ngành Logistics và chuỗi cung ứng, hỗ trợ chủ đề SupplyChain, phù hợp mức Intermediate. Nội dung hướng đến mục tiêu UnderstandTheory, rèn kỹ năng WarehousePlanning, có ví dụ, tình huống thực hành và minh chứng để phục vụ hệ thống Ontology RAG đa ngành.",3.7
Resource087,Quản lý kho vận thực hành,Notebook,"Tài liệu 'Quản lý kho vận thực hành' thuộc ngành Logistics và chuỗi cung ứng, hỗ trợ chủ đề Warehouse, phù hợp mức ProjectReady. Nội dung hướng đến mục tiêu DevelopCareer, rèn kỹ năng InventoryControl, có ví dụ, tình huống thực hành và minh chứng để phục vụ hệ thống Ontology RAG đa ngành.",4.4
Resource088,Vận tải và giao nhận hàng hóa,ProjectSample,"Tài liệu 'Vận tải và giao nhận hàng hóa' thuộc ngành Logistics và chuỗi cung ứng, hỗ trợ chủ đề Transportation, phù hợp mức Foundation. Nội dung hướng đến mục tiêu LearnProgramming, rèn kỹ năng ProcurementAnalysis, có ví dụ, tình huống thực hành và minh chứng để phục vụ hệ thống Ontology RAG đa ngành.",3.7
Resource089,Chứng từ xuất nhập khẩu,Tutorial,"Tài liệu 'Chứng từ xuất nhập khẩu' thuộc ngành Logistics và chuỗi cung ứng, hỗ trợ chủ đề Procurement, phù hợp mức Intermediate. Nội dung hướng đến mục tiêu LearnBusiness, rèn kỹ năng ShippingDocument, có ví dụ, tình huống thực hành và minh chứng để phục vụ hệ thống Ontology RAG đa ngành.",4.4
Resource090,Mua hàng và nhà cung cấp,Slide,"Tài liệu 'Mua hàng và nhà cung cấp' thuộc ngành Logistics và chuỗi cung ứng, hỗ trợ chủ đề InventoryManagement, phù hợp mức ProjectReady. Nội dung hướng đến mục tiêu ServiceOperations, rèn kỹ năng RouteOptimization, có ví dụ, tình huống thực hành và minh chứng để phục vụ hệ thống Ontology RAG đa ngành.",3.7
Resource091,Dự báo nhu cầu trong logistics,PracticeExercise,"Tài liệu 'Dự báo nhu cầu trong logistics' thuộc ngành Logistics và chuỗi cung ứng, hỗ trợ chủ đề ImportExport, phù hợp mức Foundation. Nội dung hướng đến mục tiêu FinancialAnalysis, rèn kỹ năng DemandForecasting, có ví dụ, tình huống thực hành và minh chứng để phục vụ hệ thống Ontology RAG đa ngành.",4.4
Resource092,Quản trị tồn kho,Book,"Tài liệu 'Quản trị tồn kho' thuộc ngành Logistics và chuỗi cung ứng, hỗ trợ chủ đề SupplyChain, phù hợp mức Intermediate. Nội dung hướng đến mục tiêu CreativeDesign, rèn kỹ năng WarehousePlanning, có ví dụ, tình huống thực hành và minh chứng để phục vụ hệ thống Ontology RAG đa ngành.",3.7
Resource093,Tối ưu tuyến vận chuyển,Video,"Tài liệu 'Tối ưu tuyến vận chuyển' thuộc ngành Logistics và chuỗi cung ứng, hỗ trợ chủ đề Warehouse, phù hợp mức ProjectReady. Nội dung hướng đến mục tiêu LearnFoundation, rèn kỹ năng InventoryControl, có ví dụ, tình huống thực hành và minh chứng để phục vụ hệ thống Ontology RAG đa ngành.",4.4
Resource094,Incoterms cho người mới,Notebook,"Tài liệu 'Incoterms cho người mới' thuộc ngành Logistics và chuỗi cung ứng, hỗ trợ chủ đề Transportation, phù hợp mức Foundation. Nội dung hướng đến mục tiêu PrepareExam, rèn kỹ năng ProcurementAnalysis, có ví dụ, tình huống thực hành và minh chứng để phục vụ hệ thống Ontology RAG đa ngành.",3.7
Resource095,Case study chuỗi cung ứng bán lẻ,ProjectSample,"Tài liệu 'Case study chuỗi cung ứng bán lẻ' thuộc ngành Logistics và chuỗi cung ứng, hỗ trợ chủ đề Procurement, phù hợp mức Intermediate. Nội dung hướng đến mục tiêu ImproveCommunication, rèn kỹ năng ShippingDocument, có ví dụ, tình huống thực hành và minh chứng để phục vụ hệ thống Ontology RAG đa ngành.",4.4
Resource096,Nghiệp vụ hướng dẫn viên du lịch,PracticeExercise,"Tài liệu 'Nghiệp vụ hướng dẫn viên du lịch' thuộc ngành Du lịch và lữ hành, hỗ trợ chủ đề TourGuiding, phù hợp mức Foundation. Nội dung hướng đến mục tiêu FinancialAnalysis, rèn kỹ năng TourGuiding, có ví dụ, tình huống thực hành và minh chứng để phục vụ hệ thống Ontology RAG đa ngành.",3.7
Resource097,Thiết kế chương trình tour,Book,"Tài liệu 'Thiết kế chương trình tour' thuộc ngành Du lịch và lữ hành, hỗ trợ chủ đề TourDesign, phù hợp mức Intermediate. Nội dung hướng đến mục tiêu CreativeDesign, rèn kỹ năng ItineraryPlanning, có ví dụ, tình huống thực hành và minh chứng để phục vụ hệ thống Ontology RAG đa ngành.",4.4
Resource098,Tuyến điểm du lịch Việt Nam,Video,"Tài liệu 'Tuyến điểm du lịch Việt Nam' thuộc ngành Du lịch và lữ hành, hỗ trợ chủ đề TravelOperations, phù hợp mức ProjectReady. Nội dung hướng đến mục tiêu LearnFoundation, rèn kỹ năng DestinationPresentation, có ví dụ, tình huống thực hành và minh chứng để phục vụ hệ thống Ontology RAG đa ngành.",3.7
Resource099,Điều hành tour căn bản,Notebook,"Tài liệu 'Điều hành tour căn bản' thuộc ngành Du lịch và lữ hành, hỗ trợ chủ đề DestinationKnowledge, phù hợp mức Foundation. Nội dung hướng đến mục tiêu PrepareExam, rèn kỹ năng CustomerCare, có ví dụ, tình huống thực hành và minh chứng để phục vụ hệ thống Ontology RAG đa ngành.",4.4
Resource100,Chăm sóc khách du lịch,ProjectSample,"Tài liệu 'Chăm sóc khách du lịch' thuộc ngành Du lịch và lữ hành, hỗ trợ chủ đề CustomerService, phù hợp mức Intermediate. Nội dung hướng đến mục tiêu ImproveCommunication, rèn kỹ năng TravelDocumentation, có ví dụ, tình huống thực hành và minh chứng để phục vụ hệ thống Ontology RAG đa ngành.",3.7
Resource101,Du lịch bền vững nhập môn,Tutorial,"Tài liệu 'Du lịch bền vững nhập môn' thuộc ngành Du lịch và lữ hành, hỗ trợ chủ đề SustainableTourism, phù hợp mức ProjectReady. Nội dung hướng đến mục tiêu UnderstandTheory, rèn kỹ năng EventGuiding, có ví dụ, tình huống thực hành và minh chứng để phục vụ hệ thống Ontology RAG đa ngành.",4.4
Resource102,Kỹ năng thuyết minh điểm đến,Slide,"Tài liệu 'Kỹ năng thuyết minh điểm đến' thuộc ngành Du lịch và lữ hành, hỗ trợ chủ đề TourGuiding, phù hợp mức Foundation. Nội dung hướng đến mục tiêu DevelopCareer, rèn kỹ năng TourGuiding, có ví dụ, tình huống thực hành và minh chứng để phục vụ hệ thống Ontology RAG đa ngành.",3.7
Resource103,Xử lý sự cố trong tour,PracticeExercise,"Tài liệu 'Xử lý sự cố trong tour' thuộc ngành Du lịch và lữ hành, hỗ trợ chủ đề TourDesign, phù hợp mức Intermediate. Nội dung hướng đến mục tiêu LearnProgramming, rèn kỹ năng ItineraryPlanning, có ví dụ, tình huống thực hành và minh chứng để phục vụ hệ thống Ontology RAG đa ngành.",4.4
Resource104,Hồ sơ lữ hành thực hành,Book,"Tài liệu 'Hồ sơ lữ hành thực hành' thuộc ngành Du lịch và lữ hành, hỗ trợ chủ đề TravelOperations, phù hợp mức ProjectReady. Nội dung hướng đến mục tiêu LearnBusiness, rèn kỹ năng DestinationPresentation, có ví dụ, tình huống thực hành và minh chứng để phục vụ hệ thống Ontology RAG đa ngành.",3.7
Resource105,Case study du lịch địa phương,Video,"Tài liệu 'Case study du lịch địa phương' thuộc ngành Du lịch và lữ hành, hỗ trợ chủ đề DestinationKnowledge, phù hợp mức Foundation. Nội dung hướng đến mục tiêu ServiceOperations, rèn kỹ năng CustomerCare, có ví dụ, tình huống thực hành và minh chứng để phục vụ hệ thống Ontology RAG đa ngành.",4.4
Resource106,Photoshop cơ bản cho thiết kế,Tutorial,"Tài liệu 'Photoshop cơ bản cho thiết kế' thuộc ngành Thiết kế đồ họa, hỗ trợ chủ đề Photoshop, phù hợp mức ProjectReady. Nội dung hướng đến mục tiêu UnderstandTheory, rèn kỹ năng PhotoEditing, có ví dụ, tình huống thực hành và minh chứng để phục vụ hệ thống Ontology RAG đa ngành.",3.7
Resource107,Illustrator vector thực hành,Slide,"Tài liệu 'Illustrator vector thực hành' thuộc ngành Thiết kế đồ họa, hỗ trợ chủ đề Illustrator, phù hợp mức Foundation. Nội dung hướng đến mục tiêu DevelopCareer, rèn kỹ năng VectorDesign, có ví dụ, tình huống thực hành và minh chứng để phục vụ hệ thống Ontology RAG đa ngành.",4.4
Resource108,Typography trong thiết kế,PracticeExercise,"Tài liệu 'Typography trong thiết kế' thuộc ngành Thiết kế đồ họa, hỗ trợ chủ đề Typography, phù hợp mức Intermediate. Nội dung hướng đến mục tiêu LearnProgramming, rèn kỹ năng LayoutDesign, có ví dụ, tình huống thực hành và minh chứng để phục vụ hệ thống Ontology RAG đa ngành.",3.7
Resource109,Thiết kế nhận diện thương hiệu,Book,"Tài liệu 'Thiết kế nhận diện thương hiệu' thuộc ngành Thiết kế đồ họa, hỗ trợ chủ đề Branding, phù hợp mức ProjectReady. Nội dung hướng đến mục tiêu LearnBusiness, rèn kỹ năng TypographySkill, có ví dụ, tình huống thực hành và minh chứng để phục vụ hệ thống Ontology RAG đa ngành.",4.4
Resource110,UI UX Design nhập môn,Video,"Tài liệu 'UI UX Design nhập môn' thuộc ngành Thiết kế đồ họa, hỗ trợ chủ đề UIUXDesign, phù hợp mức Foundation. Nội dung hướng đến mục tiêu ServiceOperations, rèn kỹ năng UIPrototyping, có ví dụ, tình huống thực hành và minh chứng để phục vụ hệ thống Ontology RAG đa ngành.",3.7
Resource111,Portfolio thiết kế đồ họa,Notebook,"Tài liệu 'Portfolio thiết kế đồ họa' thuộc ngành Thiết kế đồ họa, hỗ trợ chủ đề DesignPortfolio, phù hợp mức Intermediate. Nội dung hướng đến mục tiêu FinancialAnalysis, rèn kỹ năng PortfolioBuilding, có ví dụ, tình huống thực hành và minh chứng để phục vụ hệ thống Ontology RAG đa ngành.",4.4
Resource112,Bố cục màu sắc trong poster,ProjectSample,"Tài liệu 'Bố cục màu sắc trong poster' thuộc ngành Thiết kế đồ họa, hỗ trợ chủ đề Photoshop, phù hợp mức ProjectReady. Nội dung hướng đến mục tiêu CreativeDesign, rèn kỹ năng PhotoEditing, có ví dụ, tình huống thực hành và minh chứng để phục vụ hệ thống Ontology RAG đa ngành.",3.7
Resource113,Thiết kế banner truyền thông,Tutorial,"Tài liệu 'Thiết kế banner truyền thông' thuộc ngành Thiết kế đồ họa, hỗ trợ chủ đề Illustrator, phù hợp mức Foundation. Nội dung hướng đến mục tiêu LearnFoundation, rèn kỹ năng VectorDesign, có ví dụ, tình huống thực hành và minh chứng để phục vụ hệ thống Ontology RAG đa ngành.",4.4
Resource114,Figma cho người mới,Slide,"Tài liệu 'Figma cho người mới' thuộc ngành Thiết kế đồ họa, hỗ trợ chủ đề Typography, phù hợp mức Intermediate. Nội dung hướng đến mục tiêu PrepareExam, rèn kỹ năng LayoutDesign, có ví dụ, tình huống thực hành và minh chứng để phục vụ hệ thống Ontology RAG đa ngành.",3.7
Resource115,Bài tập thiết kế logo,PracticeExercise,"Tài liệu 'Bài tập thiết kế logo' thuộc ngành Thiết kế đồ họa, hỗ trợ chủ đề Branding, phù hợp mức ProjectReady. Nội dung hướng đến mục tiêu ImproveCommunication, rèn kỹ năng TypographySkill, có ví dụ, tình huống thực hành và minh chứng để phục vụ hệ thống Ontology RAG đa ngành.",4.4
Resource116,Mạch điện cơ bản,Notebook,"Tài liệu 'Mạch điện cơ bản' thuộc ngành Điện - điện tử, hỗ trợ chủ đề CircuitTheory, phù hợp mức Intermediate. Nội dung hướng đến mục tiêu FinancialAnalysis, rèn kỹ năng CircuitAnalysis, có ví dụ, tình huống thực hành và minh chứng để phục vụ hệ thống Ontology RAG đa ngành.",3.7
Resource117,PLC Siemens nhập môn,ProjectSample,"Tài liệu 'PLC Siemens nhập môn' thuộc ngành Điện - điện tử, hỗ trợ chủ đề PLC, phù hợp mức ProjectReady. Nội dung hướng đến mục tiêu CreativeDesign, rèn kỹ năng PLCProgramming, có ví dụ, tình huống thực hành và minh chứng để phục vụ hệ thống Ontology RAG đa ngành.",4.4
Resource118,Điện công nghiệp thực hành,Tutorial,"Tài liệu 'Điện công nghiệp thực hành' thuộc ngành Điện - điện tử, hỗ trợ chủ đề IndustrialElectrical, phù hợp mức Foundation. Nội dung hướng đến mục tiêu LearnFoundation, rèn kỹ năng WiringDiagram, có ví dụ, tình huống thực hành và minh chứng để phục vụ hệ thống Ontology RAG đa ngành.",3.7
Resource119,Vi điều khiển Arduino,Slide,"Tài liệu 'Vi điều khiển Arduino' thuộc ngành Điện - điện tử, hỗ trợ chủ đề EmbeddedSystems, phù hợp mức Intermediate. Nội dung hướng đến mục tiêu PrepareExam, rèn kỹ năng Microcontroller, có ví dụ, tình huống thực hành và minh chứng để phục vụ hệ thống Ontology RAG đa ngành.",4.4
Resource120,Điện tử công suất căn bản,PracticeExercise,"Tài liệu 'Điện tử công suất căn bản' thuộc ngành Điện - điện tử, hỗ trợ chủ đề PowerElectronics, phù hợp mức ProjectReady. Nội dung hướng đến mục tiêu ImproveCommunication, rèn kỹ năng ElectricalSafety, có ví dụ, tình huống thực hành và minh chứng để phục vụ hệ thống Ontology RAG đa ngành.",3.7
Resource121,Cảm biến trong hệ thống tự động,Book,"Tài liệu 'Cảm biến trong hệ thống tự động' thuộc ngành Điện - điện tử, hỗ trợ chủ đề SensorSystem, phù hợp mức Foundation. Nội dung hướng đến mục tiêu UnderstandTheory, rèn kỹ năng SensorCalibration, có ví dụ, tình huống thực hành và minh chứng để phục vụ hệ thống Ontology RAG đa ngành.",4.4
Resource122,Đọc bản vẽ điện,Video,"Tài liệu 'Đọc bản vẽ điện' thuộc ngành Điện - điện tử, hỗ trợ chủ đề CircuitTheory, phù hợp mức Intermediate. Nội dung hướng đến mục tiêu DevelopCareer, rèn kỹ năng CircuitAnalysis, có ví dụ, tình huống thực hành và minh chứng để phục vụ hệ thống Ontology RAG đa ngành.",3.7
Resource123,An toàn điện công nghiệp,Notebook,"Tài liệu 'An toàn điện công nghiệp' thuộc ngành Điện - điện tử, hỗ trợ chủ đề PLC, phù hợp mức ProjectReady. Nội dung hướng đến mục tiêu LearnProgramming, rèn kỹ năng PLCProgramming, có ví dụ, tình huống thực hành và minh chứng để phục vụ hệ thống Ontology RAG đa ngành.",4.4
Resource124,Bài tập phân tích mạch,ProjectSample,"Tài liệu 'Bài tập phân tích mạch' thuộc ngành Điện - điện tử, hỗ trợ chủ đề IndustrialElectrical, phù hợp mức Foundation. Nội dung hướng đến mục tiêu LearnBusiness, rèn kỹ năng WiringDiagram, có ví dụ, tình huống thực hành và minh chứng để phục vụ hệ thống Ontology RAG đa ngành.",3.7
Resource125,Dự án điều khiển đèn tự động,Tutorial,"Tài liệu 'Dự án điều khiển đèn tự động' thuộc ngành Điện - điện tử, hỗ trợ chủ đề EmbeddedSystems, phù hợp mức Intermediate. Nội dung hướng đến mục tiêu ServiceOperations, rèn kỹ năng Microcontroller, có ví dụ, tình huống thực hành và minh chứng để phục vụ hệ thống Ontology RAG đa ngành.",4.4
Resource126,Digital Marketing tổng quan,Book,"Tài liệu 'Digital Marketing tổng quan' thuộc ngành Marketing số, hỗ trợ chủ đề DigitalMarketing, phù hợp mức Foundation. Nội dung hướng đến mục tiêu UnderstandTheory, rèn kỹ năng SEOPlanning, có ví dụ, tình huống thực hành và minh chứng để phục vụ hệ thống Ontology RAG đa ngành.",3.7
Resource127,SEO cơ bản cho website,Video,"Tài liệu 'SEO cơ bản cho website' thuộc ngành Marketing số, hỗ trợ chủ đề SEO, phù hợp mức Intermediate. Nội dung hướng đến mục tiêu DevelopCareer, rèn kỹ năng ContentWriting, có ví dụ, tình huống thực hành và minh chứng để phục vụ hệ thống Ontology RAG đa ngành.",4.4
Resource128,Content Marketing thực hành,Notebook,"Tài liệu 'Content Marketing thực hành' thuộc ngành Marketing số, hỗ trợ chủ đề ContentMarketing, phù hợp mức ProjectReady. Nội dung hướng đến mục tiêu LearnProgramming, rèn kỹ năng CampaignPlanning, có ví dụ, tình huống thực hành và minh chứng để phục vụ hệ thống Ontology RAG đa ngành.",3.7
Resource129,Quản trị mạng xã hội,ProjectSample,"Tài liệu 'Quản trị mạng xã hội' thuộc ngành Marketing số, hỗ trợ chủ đề SocialMedia, phù hợp mức Foundation. Nội dung hướng đến mục tiêu LearnBusiness, rèn kỹ năng AnalyticsReading, có ví dụ, tình huống thực hành và minh chứng để phục vụ hệ thống Ontology RAG đa ngành.",4.4
Resource130,Đo lường chiến dịch marketing,Tutorial,"Tài liệu 'Đo lường chiến dịch marketing' thuộc ngành Marketing số, hỗ trợ chủ đề MarketingAnalytics, phù hợp mức Intermediate. Nội dung hướng đến mục tiêu ServiceOperations, rèn kỹ năng SocialMediaManagement, có ví dụ, tình huống thực hành và minh chứng để phục vụ hệ thống Ontology RAG đa ngành.",3.7
Resource131,Xây dựng thương hiệu cá nhân,Slide,"Tài liệu 'Xây dựng thương hiệu cá nhân' thuộc ngành Marketing số, hỗ trợ chủ đề BrandCommunication, phù hợp mức ProjectReady. Nội dung hướng đến mục tiêu FinancialAnalysis, rèn kỹ năng BrandMessaging, có ví dụ, tình huống thực hành và minh chứng để phục vụ hệ thống Ontology RAG đa ngành.",4.4
Resource132,Viết nội dung quảng cáo,PracticeExercise,"Tài liệu 'Viết nội dung quảng cáo' thuộc ngành Marketing số, hỗ trợ chủ đề DigitalMarketing, phù hợp mức Foundation. Nội dung hướng đến mục tiêu CreativeDesign, rèn kỹ năng SEOPlanning, có ví dụ, tình huống thực hành và minh chứng để phục vụ hệ thống Ontology RAG đa ngành.",3.7
Resource133,Email Marketing căn bản,Book,"Tài liệu 'Email Marketing căn bản' thuộc ngành Marketing số, hỗ trợ chủ đề SEO, phù hợp mức Intermediate. Nội dung hướng đến mục tiêu LearnFoundation, rèn kỹ năng ContentWriting, có ví dụ, tình huống thực hành và minh chứng để phục vụ hệ thống Ontology RAG đa ngành.",4.4
Resource134,Phân tích khách hàng mục tiêu,Video,"Tài liệu 'Phân tích khách hàng mục tiêu' thuộc ngành Marketing số, hỗ trợ chủ đề ContentMarketing, phù hợp mức ProjectReady. Nội dung hướng đến mục tiêu PrepareExam, rèn kỹ năng CampaignPlanning, có ví dụ, tình huống thực hành và minh chứng để phục vụ hệ thống Ontology RAG đa ngành.",3.7
Resource135,Kế hoạch truyền thông số,Notebook,"Tài liệu 'Kế hoạch truyền thông số' thuộc ngành Marketing số, hỗ trợ chủ đề SocialMedia, phù hợp mức Foundation. Nội dung hướng đến mục tiêu ImproveCommunication, rèn kỹ năng AnalyticsReading, có ví dụ, tình huống thực hành và minh chứng để phục vụ hệ thống Ontology RAG đa ngành.",4.4
Resource136,Pháp luật kinh doanh căn bản,Slide,"Tài liệu 'Pháp luật kinh doanh căn bản' thuộc ngành Luật kinh tế, hỗ trợ chủ đề BusinessLaw, phù hợp mức ProjectReady. Nội dung hướng đến mục tiêu FinancialAnalysis, rèn kỹ năng ContractReading, có ví dụ, tình huống thực hành và minh chứng để phục vụ hệ thống Ontology RAG đa ngành.",3.7
Resource137,Luật hợp đồng thực hành,PracticeExercise,"Tài liệu 'Luật hợp đồng thực hành' thuộc ngành Luật kinh tế, hỗ trợ chủ đề ContractLaw, phù hợp mức Foundation. Nội dung hướng đến mục tiêu CreativeDesign, rèn kỹ năng LegalReasoning, có ví dụ, tình huống thực hành và minh chứng để phục vụ hệ thống Ontology RAG đa ngành.",4.4
Resource138,Luật lao động cho doanh nghiệp,Book,"Tài liệu 'Luật lao động cho doanh nghiệp' thuộc ngành Luật kinh tế, hỗ trợ chủ đề LaborLaw, phù hợp mức Intermediate. Nội dung hướng đến mục tiêu LearnFoundation, rèn kỹ năng ComplianceChecklist, có ví dụ, tình huống thực hành và minh chứng để phục vụ hệ thống Ontology RAG đa ngành.",3.7
Resource139,Pháp luật thuế cơ bản,Video,"Tài liệu 'Pháp luật thuế cơ bản' thuộc ngành Luật kinh tế, hỗ trợ chủ đề TaxLaw, phù hợp mức ProjectReady. Nội dung hướng đến mục tiêu PrepareExam, rèn kỹ năng CaseAnalysis, có ví dụ, tình huống thực hành và minh chứng để phục vụ hệ thống Ontology RAG đa ngành.",4.4
Resource140,Sở hữu trí tuệ nhập môn,Notebook,"Tài liệu 'Sở hữu trí tuệ nhập môn' thuộc ngành Luật kinh tế, hỗ trợ chủ đề IntellectualProperty, phù hợp mức Foundation. Nội dung hướng đến mục tiêu ImproveCommunication, rèn kỹ năng LegalWriting, có ví dụ, tình huống thực hành và minh chứng để phục vụ hệ thống Ontology RAG đa ngành.",3.7
Resource141,Kỹ năng đọc hợp đồng,ProjectSample,"Tài liệu 'Kỹ năng đọc hợp đồng' thuộc ngành Luật kinh tế, hỗ trợ chủ đề LegalCompliance, phù hợp mức Intermediate. Nội dung hướng đến mục tiêu UnderstandTheory, rèn kỹ năng RiskIdentification, có ví dụ, tình huống thực hành và minh chứng để phục vụ hệ thống Ontology RAG đa ngành.",4.4
Resource142,Phân tích tình huống pháp lý,Tutorial,"Tài liệu 'Phân tích tình huống pháp lý' thuộc ngành Luật kinh tế, hỗ trợ chủ đề BusinessLaw, phù hợp mức ProjectReady. Nội dung hướng đến mục tiêu DevelopCareer, rèn kỹ năng ContractReading, có ví dụ, tình huống thực hành và minh chứng để phục vụ hệ thống Ontology RAG đa ngành.",3.7
Resource143,Tuân thủ pháp luật doanh nghiệp,Slide,"Tài liệu 'Tuân thủ pháp luật doanh nghiệp' thuộc ngành Luật kinh tế, hỗ trợ chủ đề ContractLaw, phù hợp mức Foundation. Nội dung hướng đến mục tiêu LearnProgramming, rèn kỹ năng LegalReasoning, có ví dụ, tình huống thực hành và minh chứng để phục vụ hệ thống Ontology RAG đa ngành.",4.4
Resource144,Viết văn bản pháp lý,PracticeExercise,"Tài liệu 'Viết văn bản pháp lý' thuộc ngành Luật kinh tế, hỗ trợ chủ đề LaborLaw, phù hợp mức Intermediate. Nội dung hướng đến mục tiêu LearnBusiness, rèn kỹ năng ComplianceChecklist, có ví dụ, tình huống thực hành và minh chứng để phục vụ hệ thống Ontology RAG đa ngành.",3.7
Resource145,Case study tranh chấp thương mại,Book,"Tài liệu 'Case study tranh chấp thương mại' thuộc ngành Luật kinh tế, hỗ trợ chủ đề TaxLaw, phù hợp mức ProjectReady. Nội dung hướng đến mục tiêu ServiceOperations, rèn kỹ năng CaseAnalysis, có ví dụ, tình huống thực hành và minh chứng để phục vụ hệ thống Ontology RAG đa ngành.",4.4
Resource146,Điều dưỡng cơ bản,ProjectSample,"Tài liệu 'Điều dưỡng cơ bản' thuộc ngành Điều dưỡng và chăm sóc sức khỏe, hỗ trợ chủ đề BasicNursing, phù hợp mức Intermediate. Nội dung hướng đến mục tiêu UnderstandTheory, rèn kỹ năng PatientObservation, có ví dụ, tình huống thực hành và minh chứng để phục vụ hệ thống Ontology RAG đa ngành.",3.7
Resource147,Chăm sóc người bệnh nhập môn,Tutorial,"Tài liệu 'Chăm sóc người bệnh nhập môn' thuộc ngành Điều dưỡng và chăm sóc sức khỏe, hỗ trợ chủ đề PatientCare, phù hợp mức ProjectReady. Nội dung hướng đến mục tiêu DevelopCareer, rèn kỹ năng NursingProcedure, có ví dụ, tình huống thực hành và minh chứng để phục vụ hệ thống Ontology RAG đa ngành.",4.4
Resource148,Giao tiếp trong y tế,Slide,"Tài liệu 'Giao tiếp trong y tế' thuộc ngành Điều dưỡng và chăm sóc sức khỏe, hỗ trợ chủ đề MedicalCommunication, phù hợp mức Foundation. Nội dung hướng đến mục tiêu LearnProgramming, rèn kỹ năng MedicalCommunication, có ví dụ, tình huống thực hành và minh chứng để phục vụ hệ thống Ontology RAG đa ngành.",3.7
Resource149,Sơ cấp cứu căn bản,PracticeExercise,"Tài liệu 'Sơ cấp cứu căn bản' thuộc ngành Điều dưỡng và chăm sóc sức khỏe, hỗ trợ chủ đề FirstAid, phù hợp mức Intermediate. Nội dung hướng đến mục tiêu LearnBusiness, rèn kỹ năng FirstAidSkill, có ví dụ, tình huống thực hành và minh chứng để phục vụ hệ thống Ontology RAG đa ngành.",4.4
Resource150,An toàn người bệnh,Book,"Tài liệu 'An toàn người bệnh' thuộc ngành Điều dưỡng và chăm sóc sức khỏe, hỗ trợ chủ đề ClinicalSafety, phù hợp mức ProjectReady. Nội dung hướng đến mục tiêu ServiceOperations, rèn kỹ năng ClinicalDocumentation, có ví dụ, tình huống thực hành và minh chứng để phục vụ hệ thống Ontology RAG đa ngành.",3.7
Resource151,Giáo dục sức khỏe cộng đồng,Video,"Tài liệu 'Giáo dục sức khỏe cộng đồng' thuộc ngành Điều dưỡng và chăm sóc sức khỏe, hỗ trợ chủ đề HealthEducation, phù hợp mức Foundation. Nội dung hướng đến mục tiêu FinancialAnalysis, rèn kỹ năng SafetyCare, có ví dụ, tình huống thực hành và minh chứng để phục vụ hệ thống Ontology RAG đa ngành.",4.4
Resource152,Ghi chép hồ sơ điều dưỡng,Notebook,"Tài liệu 'Ghi chép hồ sơ điều dưỡng' thuộc ngành Điều dưỡng và chăm sóc sức khỏe, hỗ trợ chủ đề BasicNursing, phù hợp mức Intermediate. Nội dung hướng đến mục tiêu CreativeDesign, rèn kỹ năng PatientObservation, có ví dụ, tình huống thực hành và minh chứng để phục vụ hệ thống Ontology RAG đa ngành.",3.7
Resource153,Kỹ thuật đo dấu hiệu sinh tồn,ProjectSample,"Tài liệu 'Kỹ thuật đo dấu hiệu sinh tồn' thuộc ngành Điều dưỡng và chăm sóc sức khỏe, hỗ trợ chủ đề PatientCare, phù hợp mức ProjectReady. Nội dung hướng đến mục tiêu LearnFoundation, rèn kỹ năng NursingProcedure, có ví dụ, tình huống thực hành và minh chứng để phục vụ hệ thống Ontology RAG đa ngành.",4.4
Resource154,Quy trình chăm sóc lâm sàng,Tutorial,"Tài liệu 'Quy trình chăm sóc lâm sàng' thuộc ngành Điều dưỡng và chăm sóc sức khỏe, hỗ trợ chủ đề MedicalCommunication, phù hợp mức Foundation. Nội dung hướng đến mục tiêu PrepareExam, rèn kỹ năng MedicalCommunication, có ví dụ, tình huống thực hành và minh chứng để phục vụ hệ thống Ontology RAG đa ngành.",3.7
Resource155,Case study chăm sóc bệnh nhân,Slide,"Tài liệu 'Case study chăm sóc bệnh nhân' thuộc ngành Điều dưỡng và chăm sóc sức khỏe, hỗ trợ chủ đề FirstAid, phù hợp mức Intermediate. Nội dung hướng đến mục tiêu ImproveCommunication, rèn kỹ năng FirstAidSkill, có ví dụ, tình huống thực hành và minh chứng để phục vụ hệ thống Ontology RAG đa ngành.",4.4
